position,priority
CEO,1
Founder,2
CEO/Owner,3
"Owner, CEO",4
CEO / Owner,5
CEO founder,6
CEO/Founder,7
Founder/CEO,8
Owner / CEO,9
Owner & CEO,10
"CEO, founder",11
"Founder, CEO",12
"Founder, CMO",13
CEO - Founder,14
CEO / Founder,15
CEO & Founder,16
CEO + Founder,17
"CEO, Co-Owner",18
CEO/President,19
Cofounder/CEO,20
"Director, CEO",21
Founder - CEO,22
"Founder , CEO",23
Founder / CEO,24
Founder & CEO,25
FOUNDER & CMO,26
Founder + CEO,27
Founder | CEO,28
Owner and CEO,29
"Owner, Co-CEO",30
President CEO,31
President/CEO,32
President\CEO,33
CEO & Co-Owner,34
"CEO, CoFounder",35
"CEO, President",36
CEO/Co-Founder,37
Co-Founder/CEO,38
"Cofounder, CEO",39
Director & CEO,40
"President, CEO",41
CEO & CoFounder,42
CEO & President,43
CEO and Founder,44
"CEO, Co Founder",45
"CEO, Co-Founder",46
"Co Founder, CEO",47
"Co-founder, CEO",48
Cofounder & CEO,49
Founder and CEO,50
President / CEO,51
President & CEO,52
"CEO , Co-Founder",53
CEO / Co-Founder,54
CEO & Co Founder,55
CEO & Co-founder,56
CEO | Co-Founder,57
CEO and Co-Owner,58
Co Founder / CEO,59
Co Founder & CEO,60
Co-founder - CEO,61
Co-founder (CEO),62
Co-Founder / CEO,63
Co-Founder & CEO,64
Co-Founder + CEO,65
Co-founder | CEO,66
Director and CEO,67
CEO and cofounder,68
CEO and President,69
"CEO, Co - founder",70
"CEO, Co-fondateur",71
Cofounder and CEO,72
president and ceo,73
CEO & Co - founder,74
CEO & Co-fondateur,75
CEO and Co Founder,76
CEO and co-founder,77
Co Founder and CEO,78
"CEO, Owner, Founder",79
CEO and Co - founder,80
CEO and Co-fondateur,81
"Company Founder, CEO",82
Chief Executive (CEO),83
Company Founder & CEO,84
President/CEO/Founder,85
"CEO, Co-Founder, Owner",86
"CEO, Founder, President",87
Chief Executive Officer,88
Company Founder and CEO,89
"President, CEO, Founder",90
"President, CEO & Founder",91
"Co-founder, President, CEO",92
"President, CEO and Founder",93
"Co-founder, President & CEO",94
Chief Executive Officer (CEO),95
Chief Executive Officer/Owner,96
"Co-founder, President and CEO",97
Chief Executive Officer / Owner,98
"Chief Executive Officer, Founder",99
"Founder, Chief Executive Officer",100
Chief Executive Officer & Founder,101
Founder - Chief Executive Officer,102
Founder / Chief Executive Officer,103
Founder & Chief Executive Officer,104
"Chief Executive Officer, President",105
"President, Chief Executive Officer",106
Chief Executive Officer & President,107
Chief Executive Officer and Founder,108
"Chief Executive Officer, Co-Founder",109
"Co-Founder, Chief Executive Officer",110
Founder and Chief Executive Officer,111
President & Chief Executive Officer,112
Chief Executive Officer & Co-Founder,113
Co-Founder & Chief Executive Officer,114
Chief Executive Officer and President,115
President and Chief Executive Officer,116
Chief Executive Officer and Co-Founder,117
Co-founder and Chief Executive Officer,118
"Chief Executive Officer (CEO), Co-Founder",119
Chief Executive Officer (CEO) & Co-Founder,120
Chief Executive Officer (CEO) and Co-Founder,121
Head SEO,122
SEO Lead,123
Senior SEO,124
Head of SEO,125
SEO Director,126
Principal SEO,127
SEO Executive,128
SEO Team Lead,129
Sr.SEO Expert,130
Director of SEM,131
Director of SEO,132
Senior SEO Lead,133
SEO Team Manager,134
Sr.SEO Executive,135
Sr. SEO Executive,136
Global Head of SEO,137
"SEO, SMO Executive",138
SEO & SMO Executive,139
Sr. Director of SEO,140
Senior SEO Executive,141
Content & SEO Manager,142
Senior Manager of SEO,143
SEO and SMO Executive,144
Senior Director of SEO,145
"SEO, Content Executive",146
SEO & Content Executive,147
Search Marketing Director,148
SEO and Content Executive,149
Head of SEO Growth Strategy,150
"Head of SEO, Growth Marketing",151
"Head of Digital Marketing, SEO",152
Head of SEO & Growth Marketing,153
"Director of Organic Growth, SEO",154
Head of Digital Marketing & SEO,155
Head Search Engine Optimization,156
Director of Organic Growth & SEO,157
Head of SEO and Growth Marketing,158
Search Engine Marketing Director,159
Head of Digital Marketing and SEO,160
Search Engine Marketing Executive,161
Search Engine Marketing team lead,162
Director of Organic Growth and SEO,163
Head of Search Engine Optimization,164
Search Engine Optimization Executive,165
Search Engine Optimization Team Lead,166
Sr. Search Engine Optimization Executive,167
Senior Search Engine Optimization Executive,168
CMO,169
Marketing Head,170
Marketing lead,171
Marketing Leader,172
Head of Marketing,173
L�der de marketing,174
Marketing Director,175
"CMO, Head of Growth",176
"CMO, Vice President",177
"Director, Marketing",178
Marketing Executive,179
Marketing Team Lead,180
CMO & Head of Growth,181
Director of Marketing,182
CMO and Head of Growth,183
Digital Marketing Head,184
Digital marketing lead,185
Sr. Director Marketing,186
Sr. Marketing Director,187
Chief Marketing Manager,188
Chief Marketing Officer,189
Sr. Marketing Executive,190
Web Marketing Executive,191
Head of Growth Marketing,192
"Head of Marketing, Brand",193
Director Growth Marketing,194
Director of Web Marketing,195
Head Of Digital Marketing,196
"Head of Growth, Marketing",197
"Head of Marketing, Growth",198
Online Marketing Director,199
Senior Marketing Director,200
Sr. Director of Marketing,201
Digital Marketing Director,202
Director Content Marketing,203
"Director, Growth Marketing",204
Head of Growth & Marketing,205
Head of Marketing & Growth,206
Marketing Development Lead,207
Online Marketing Executive,208
Senior Marketing Executive,209
Content Marketing Executive,210
Digital Marketing Executive,211
Digital Marketing Team Lead,212
"Director, Digital Marketing",213
Head Of (Digital) Marketing,214
Team Lead Digital Marketing,215
"Content, Marketing Executive",216
Digitial Marketing Executive,217
Director of Growth Marketing,218
Executive Director Marketing,219
Head of Growth and Marketing,220
Head of Marketing and Growth,221
Head of Marketing Operations,222
Senior Director of Marketing,223
Sr. Growth Marketing Manager,224
Content & Marketing Executive,225
Content and Marketing Manager,226
Digital Marketing Team Leader,227
Director of Content Marketing,228
Director of Digital Marketing,229
Director of Marketing Content,230
"Director of Marketing, Growth",231
"Head Of Marketing, Operations",232
Associate Director - Marketing,233
Director of Internet Marketing,234
Director of Marketing & Growth,235
"Director, Marketing Operations",236
Global Chief Marketing Officer,237
Head Of Marketing & Operations,238
Marketing Operations Executive,239
Sr Digital Marketing Executive,240
Chief Digital Marketing Officer,241
"Chief Marketing, Growth Officer",242
Content and Marketing Executive,243
Executive Director of Marketing,244
Global Head of Growth Marketing,245
Sr. Digital Marketing Executive,246
"Chief Digital, Marketing Officer",247
Chief Marketing & Growth Officer,248
"Director - Marketing, Operations",249
Director of Marketing and Growth,250
Director of Marketing Operations,251
Head of Digital Growth Marketing,252
Head of Global Digital Marketing,253
Head Of Marketing and Operations,254
Sr. Director Strategic Marketing,255
Chief Digital & Marketing Officer,256
"Chief Marketing, Strategy Officer",257
"Chief Strategy, Marketing Officer",258
Director - Marketing & Operations,259
"Director of Marketing, Operations",260
Global Head of Marketing Strategy,261
"Head of Marketing, Communications",262
"Marketing, Communication Director",263
"Senior Director, Growth Marketing",264
Senior Growth Marketing Executive,265
Chief Marketing & Strategy Officer,266
Chief Marketing and Growth Officer,267
Chief Strategy & Marketing Officer,268
"Director Marketing, Communications",269
Director of Marketing & Operations,270
Head of Marketing & Communications,271
"Head of Marketing, Lead Generation",272
Marketing & Communication Director,273
Senior Content Marketing Executive,274
Senior Digital Marketing Executive,275
"Senior Director, Head of Marketing",276
Chief Digital and Marketing Officer,277
Digital Marketing Account Executive,278
Director - Marketing and Operations,279
Director Marketing & Communications,280
"Director, Head of Digital Marketing",281
"Director, Marketing, Communications",282
Head of Marketing & Lead Generation,283
Senior Director of Growth Marketing,284
Chief Marketing and Strategy Officer,285
Chief Strategy and Marketing Officer,286
Director of Marketing and Operations,287
Director of Marketing Communications,288
"Director, Marketing & Communications",289
Head of Marketing and Communications,290
Marketing and Communication Director,291
Senior Team Lead - Digital Marketing,292
Director Marketing and Communications,293
"Director of Marketing, Communications",294
Head of Marketing and Lead Generation,295
Director of Marketing & Communications,296
"Director, Marketing and Communications",297
"Chief Marketing, Communications Officer",298
"Director of Content Marketing, Strategy",299
Senior Director of Marketing Operations,300
Chief Marketing & Communications Officer,301
Director of Content Marketing & Strategy,302
Director of Marketing and Communications,303
"Global Head of Marketing, Communications",304
"Head Of Global Marketing, Communications",305
Global Head of Marketing & Communications,306
Head Of Global Marketing & Communications,307
Chief Marketing and Communications Officer,308
Director of Content Marketing and Strategy,309
"Director of Marketing, Business Development",310
Global Head of Marketing and Communications,311
Head Of Global Marketing and Communications,312
"Chief Executive of Marketing, Communications",313
Director of Marketing & Business Development,314
"Global Director of Marketing, Communications",315
Chief Executive of Marketing & Communications,316
Global Director of Marketing & Communications,317
Digital Marketing Director / Head of Marketing,318
Director of Marketing and Business Development,319
Chief Executive of Marketing and Communications,320
Global Director of Marketing and Communications,321
"Sr. Director, Digital Marketing, Communications",322
"Sr. Director, Digital Marketing & Communications",323
"Sr. Director, Digital Marketing and Communications",324
Content Head,325
Head of Content,326
Content Director,327
Content Executive,328
Content Team Lead,329
Director of Content,330
Content Marketing Head,331
Content Marketing Lead,332
Head of Content Marketing,333
Content Marketing Team Lead,334
Director of Content Strategy,335
"Team Lead - Content, Marketing",336
Team Lead - Content & Marketing,337
Team Lead - Content and Marketing,338
Digital Marketing Manager - SEO and PPC Team Lead,339
Digital Marketing Manager I Seo Expert,340
Digital Presence Manager - SEO,341
Global Head Of Content and SEO,342
Jr SEO Executive,343
Jr. SEO Executive,344
Junior SEO Executive,345
Link Builder,346
Link Building Strategist,347
Marketing Specialist - SEO,348
Search Engine Optimisation Executive,349
Search Engine Optimization & Marketing Strategist,350
Search Engine Optimization Project Manager,351
Search Engine Optimization Strategist,352
Search Marketing Manager,353
Senior Digital Marketing Manager | SEO & SEM,354
Senior SEM Manager,355
Senior SEO Exec,356
SEO & SEM Expert | Associate Director,357
SEO Account Executive,358
SEO Account Manager,359
SEO Accounts Manager,360
SEO Content Lead,361
Sr Search Marketing Manager,362
Sr SEO,363
sr seo executive,364
Sr. Search Marketing Manager,365
Sr. SEO/Digital Marketing Executive,366
Technical SEO Lead,367
"Account Manager, SEO",368
Celebrity Digital Marketing & SEO Apprentice,369
Search Marketing Specialist,370
SEM Specialist,371
Senior Search Engine Optimization Specialist,372
Senior SEO and Online Marketing Specialist,373
Senior SEO Editor,374
Senior SEO Specialist,375
SEO & Content Marketing Specialist,376
SEO Content Specialist,377
SEO Strategies,378
SEO Strategist & Senior Account Manager,379
Specialista SEO,380
Sr. SEO Architecht,381
Sr. SEO Lead | ABM | Inbound Marketing,382
Team Leader SEO et Consultant SEO,383
Trainee SEO Management,384
CEO - Co-founder,385
CEO / Director,386
CEO + Co-Founder,387
CEO + Digital Marketing Strategy,388
CEO And Managing Director,389
Co Founder / Executive Director,390
Co-fondateur,391
Cofounder / CEO,392
digital strategist | ceo,393
Director ( Co Founder),394
Founder / Co-owner,395
Founder & Chief Marketing Officer,396
"Founder, President, and CEO",397
"Managing Director , Marketing Head & Co-Founder",398
Managing Director (Co-founder),399
Managing Director / Co-Founder,400
OWNER / DIRECTOR,401
"Owner, President",402
President / Chief Executive Officer,403
President/Co-founder,404
President/Owner,405
(Interim) Director of Marketing,406
Content Marketing Team Leader,407
Director Of Online Marketing,408
Directora de marketing,409
Executive - Marketing,410
Executive Vice President & Chief Marketing Officer,411
Expert Online Marketing Manager,412
Global Director of Marketing,413
Global Marketing Operations Manager,414
Internet Marketing Director,415
Jr Digital Marketing Executive,416
Lead Digital Marketing Manager,417
Marketing and Communications Executive,418
Marketing And Communications Manager,419
Marketing Director (CMO),420
Marketing Operations Lead,421
Marketting Director,422
Sr. Global Marketing Director,423
Strategic Marketing Director,424
"SVP, Director of Marketing",425
"SVP, Head of Marketing",426
Content Lead,427
Head Of Content (Director),428
Lead Content Strategist,429
Organic Search and Content Executive,430
owner,431
Co-CEO,432
Co-Owner,433
director,434
Directeur,435
Owner/CMO,436
president,437
co founder,438
Co-Founder,439
"Partner, CEO",440
Owner/Founder,441
Partner & CEO,442
"Founder, Owner",443
Founder/Co-CEO,444
Owner & Co-CEO,445
"Owner, Founder",446
"CMO, Co-founder",447
"Co Founder, CMO",448
"Co-Founder, CMO",449
Founder / Owner,450
Founder & Owner,451
Founder and CMO,452
"Founder, Co-CEO",453
Owner / Founder,454
Owner & Founder,455
Partner and CEO,456
CMO / Co-Founder,457
CMO & Co-founder,458
Co Founder & CMO,459
"Co-CEO, Co-Owner",460
Co-Founder & CMO,461
Founder & Co-CEO,462
Owner and Co-CEO,463
Co-CEO & Co-Owner,464
"Director, Founder",465
Founder and Owner,466
"Founder, Chairman",467
"Founder, Director",468
Owner and Founder,469
President/Founder,470
CMO and Co-Founder,471
Co Founder and CMO,472
"Co-CEO, Co-Founder",473
Co-founder and CEO,474
Co-Founder and CMO,475
"Co-Founder, Co-CEO",476
Director & Founder,477
Executive Director,478
Founder - Director,479
Founder & Director,480
Founder and co-CEO,481
"Founder, President",482
"President, Founder",483
Co-CEO & Co-Founder,484
Co-CEO and Co-Owner,485
Co-Founder / Co-CEO,486
Co-Founder & Co-CEO,487
Founder & President,488
President & Founder,489
"President, co-owner",490
"Co Founder, Director",491
"Co-Founder, Director",492
Co-Founder/President,493
Director and Founder,494
"Director, Co-Founder",495
Founder and Director,496
President & co-owner,497
"CEO, Managing Partner",498
Co Founder & Director,499
Co-CEO and Co-Founder,500
Co-Founder & Director,501
Co-Founder and Co-CEO,502
"Co-founder, President",503
Director & Co-Founder,504
Founder and President,505
President and Founder,506
"President, Co Founder",507
"President, Co-founder",508
CEO & Managing Partner,509
Co-Founder / President,510
Co-Founder & President,511
"Managing Director, CEO",512
President & Co Founder,513
President & Co-founder,514
President and co-owner,515
Co Founder and Director,516
Co-Founder and Director,517
Director and Co-Founder,518
"Executive Director, CMO",519
Managing Director & CEO,520
CEO and Managing Partner,521
Co-Founder and President,522
Executive Director & CMO,523
"Owner, Managing Director",524
President and Co Founder,525
President and Co-founder,526
Co-Founder + VP of Growth,527
Managing Director and CEO,528
Owner & Managing Director,529
Co-Chief Executive Officer,530
"Co-Founder, Vice President",531
Executive Director and CMO,532
"Founder, Managing Director",533
"Managing Director, Founder",534
"Vice President, Co-Founder",535
Co-founder & Head of Growth,536
Co-Founder & Vice President,537
"Co-Founder, General Manager",538
Founder - Managing Director,539
Founder & Managing Director,540
Managing Director & Founder,541
"Managing Director, Co-Owner",542
Vice President & Co-Founder,543
Co-Founder & General Manager,544
"Cofounder, Managing Director",545
Managing Director & Co-Owner,546
Co Founder and Board Director,547
"Co Founder, Managing Director",548
Co-founder and Head of Growth,549
"Co-Founder, Head Of Marketing",550
"Co-Founder, Managing Director",551
Cofounder & Managing Director,552
Founder and Managing Director,553
Managing Director and Founder,554
Co Founder & Managing Director,555
Co-Founder & Head Of Marketing,556
Co-founder & Managing Director,557
Co-Founder and General Manager,558
"Co-Founder, Marketing Director",559
Managing Director and Co-Owner,560
Co-Founder & Marketing Director,561
Cofounder and Managing Director,562
"President, Marketing Strategist",563
Co Founder and Managing Director,564
Co-Founder and Head of Marketing,565
Co-founder and Managing Director,566
President & Marketing Strategist,567
Co-Founder & Chief Growth Officer,568
Co-Founder and Marketing Director,569
"Co-founder, Director of Marketing",570
Founder | Chief Marketing Officer,571
"Chief Marketing Officer, Cofounder",572
Co-Founder - Director of Marketing,573
Co-founder & Director of Marketing,574
Chief Marketing Officer & Cofounder,575
"Chief Marketing Officer, Co Founder",576
"Co-founder, Chief Marketing Officer",577
Chief Marketing Officer & Co Founder,578
Co-Founder & Chief Marketing Officer,579
Co-founder and Director of Marketing,580
Chief Marketing Officer and Cofounder,581
Co-Founder Chief Marketing Strategist,582
Chief Marketing Officer and Co Founder,583
Co-Founder and Chief Growth Strategist,584
Co-Founder and Chief Marketing Officer,585
"Chief Marketing Officer, Managing Director",586
Chief Marketing Officer & Managing Director,587
Chief Marketing Officer and Managing Director,588
SEO Manager,589
SEO-Manager,590
Senior SEO Manager,591
"Senior Manager, SEO",592
SEO Content Manager,593
"Content, SEO Manager",594
Senior Manager - SEO,595
"SEO, Content Manager",596
SEO & Content Manager,597
SEO Marketing Manager,598
Content and SEO Manager,599
SEO and Content Manager,600
"Sr. Content, SEO Manager",601
Sr. Content & SEO Manager,602
"SEO, Content Growth Manager",603
Sr. Content and SEO Manager,604
SEO & Content Growth Manager,605
seo content marketing manager,606
"Content, SEO Marketing Manager",607
SEO and Content Growth Manager,608
"SEO, Digital Marketing Manager",609
Content & SEO Marketing Manager,610
Search Engine Marketing Manager,611
SEO & Digital Marketing Manager,612
Content Manager & SEO Specialist,613
Content and SEO Marketing Manager,614
SEO and Digital Marketing Manager,615
Search Engine Optimization Manager,616
"Global SEO, Content Marketing Manager",617
Global SEO & Content Marketing Manager,618
Global SEO and Content Marketing Manager,619
Marketing Manager,620
Sr. Marketing Manager,621
Web Marketing Manager,622
Lead Marketing Manager,623
Senior Digital Marketer,624
Growth Marketing Manager,625
"Head of Sales, Marketing",626
Online Marketing Manager,627
Senior marketing manager,628
Digital Marketing Manager,629
Digtial Marketing Manager,630
Marketing Content Manager,631
"Content, Marketing Manager",632
Marketing Strategy Manager,633
Content & Marketing Manager,634
Marketing & Content Manager,635
Sr Growth Marketing Manager,636
Marketing Operations Manager,637
Sr Digital Marketing Manager,638
Lead Growth Marketing Manager,639
Marketing and Content Manager,640
Sr. Digital Marketing Manager,641
Global Growth Marketing Manager,642
Marketing Communication Manager,643
Senior Growth Marketing Manager,644
Digital Marketing Senior Manager,645
Global Digital Marketing Manager,646
Growth Digital Marketing Manager,647
Marketing Communications Manager,648
Senior Digital Marketing Manager,649
"Digital Marketing, Growth Manager",650
Senior Manager - Growth Marketing,651
Digital Marketing & Growth Manager,652
"Digital Marketing, Content Manager",653
Fractional Chief Marketing Officer,654
Senior Manager - Digital Marketing,655
"Chief Marketing, Innovation Officer",656
Digital Marketing & Content Manager,657
Senior Manager of Digital Marketing,658
Senior Marketing Operations Manager,659
"Senior Marketing, Campaigns Manager",660
"Senior Marketing, Community Manager",661
Sr. Manager of Marketing Operations,662
Chief Marketing & Innovation Officer,663
Digital Marketing and Growth Manager,664
Digital marketing manager/ Team lead,665
Senior Marketing & Campaigns Manager,666
Senior Marketing & Community Manager,667
Sr. Digital Growth Marketing Manager,668
"Sr. Manager of Marketing, Operations",669
Digital Marketing and Content Manager,670
Executive Vice President of Marketing,671
Sr. Manager of Marketing & Operations,672
Senior Marketing and Campaigns Manager,673
Senior Marketing and Community Manager,674
Senior Marketing Communications Manager,675
Sr. Manager of Marketing and Operations,676
"Digital Marketing, Content Marketing Manager",677
Digital Marketing & Content Marketing Manager,678
Digital Marketing and Content Marketing Manager,679
Content Manager,680
Content Marketer,681
Web Content Manager,682
Senior Content Manager,683
Digital Content Manager,684
Senior Content Marketer,685
Digital Content Marketer,686
Content Marketing Manager,687
"Marketing, Content Manager",688
Manager of Content Marketing,689
Sr. Content Marketing Manager,690
Senior Content Strategy Manager,691
Senior Content Marketing Manager,692
"Senior Manager, Content Marketing",693
"Content Marketing, Communications Manager",694
Content Marketing & Communications Manager,695
Content Marketing and Communications Manager,696
"Senior Manager of Content, Marketing Operations",697
Senior Manager of Content & Marketing Operations,698
Senior Manager of Content and Marketing Operations,699
CEO / Chief Creative Officer,700
Co Founder & Managing Partner,701
Co-founder / Director,702
Co-Founder / General Manager,703
Co-Founder & Director of Digital Strategy - SEO Expert,704
Co-Founder & GM,705
Co-Founder & SVP,706
Cofounder & COO,707
Company Owner,708
COO & Co-Founder,709
Founder & Chief Operating Officer,710
Founder & COO,711
Founder | Managing Director,712
Founder | Strategic Director,713
Founder Director,714
Founding Partner & CEO,715
Group CEO,716
Managing Director and Owner,717
MD & Co-Founder,718
Non Executive Director,719
Agency Marketing Manager,720
Associate Digital Marketing Executive,721
Associate Manager - Digital Marketing,722
"CMO, M&A and Strategy Consultant",723
Digital & Marketing Operations Manager,724
Digital Content Marketing Manager,725
Director Marketing Communications,726
Director of Digital Marketing & Demand Generation,727
Director of Digital Strategy,728
Director of Marketing Services,729
Director of Paid Search Marketing,730
EMEA Marketing Director,731
Growth Marketing Director,732
Growth Marketing Lead,733
Growth Marketing Strategist,734
Head of Marketing & Customer Experience,735
Interim Head of Marketing,736
Junior Marketing Manager,737
"Managing Partner, Director of Marketing",738
Marketer,739
Marketing,740
Marketing & Communications Manager,741
Marketing Account Executive,742
Marketing Account Manager,743
"Marketing Director, China",744
"Marketing Director, EMEA",745
Marketing Manager - AU,746
Marketing Manager APAC,747
Marketing Manager Romania,748
Marketing Manager UK & Europe,749
"Marketing Manager, Asia Practice",750
"Marketing Manager, North America",751
Marketing Managerin Professional,752
Marketing Operations Manager / HubSpot Specialist,753
Marketing Project Manager,754
Marketing Strategy,755
Marketingmanager,756
Online Marketing Specialist,757
Performance Marketing Lead,758
Performance Marketing Manager,759
Performance Marketing Manager / SEA Specialist,760
Perfromance Marketing Manager,761
Resident Content Marketing Manager,762
Senior Content Marketing Marketing (SME),763
"Senior Manager, Marketing Operations",764
Senior Marketing Manager (Focus Product Marketing),765
Senior Marketing Manager Content & Communications,766
Sr Digital Marketer,767
SVP Marketing,768
Digital Content Strategist,769
Senior Content Marketer (Interim Head of Content),770
General Manager,771
Managing Director,772
Principal/Founder,773
Founder & Chairman,774
"Principal, Founder",775
Principal & Founder,776
Founder and Chairman,777
Principal and Founder,778
Director Of Operations,779
Founder / Board Member,780
Executive Vice President,781
Founder / Board Chairman,782
"Founder, Chief Strategist",783
"Founder, Managing Partner",784
"Co Founder, Board Director",785
"Co-founder, Head of Growth",786
Founder & Chief Strategist,787
Founder & Managing Partner,788
"Managing Partner, Director",789
"Principle I President, CEO",790
Co Founder & Board Director,791
Managing Partner & Director,792
Owner and Managing Director,793
Principle I President & CEO,794
Founder and Chief Strategist,795
Founder and Managing Partner,796
Co-Founder and Vice President,797
"Founder, Chief Growth Officer",798
"Founder, Director of Strategy",799
Managing Partner and Director,800
Principle I President and CEO,801
Vice President and Co-Founder,802
Founder & Chief Growth Officer,803
"Co-Founder, Chief Growth Officer",804
Founder and Chief Growth Officer,805
"Cofounder, Chief Business Officer",806
"President, Chief Operating Office",807
"Co-founder, Chief Strategy Officer",808
Cofounder & Chief Business Officer,809
President & Chief Operating Office,810
President and Marketing Strategist,811
Co-Founder & Chief Strategy Officer,812
Co-Founder and Chief Growth Officer,813
"Co-Founder, Chief Growth Strategist",814
Co-Founder & Chief Growth Strategist,815
Cofounder and Chief Business Officer,816
President and Chief Operating Office,817
Co-Founder and Chief Strategy Officer,818
Managing Partner/Chief Marketing Officer,819
SEO expert,820
SEO/Marketer,821
SEO Strategist,822
Senior SEO Expert,823
SEO Deputy Manager,824
Senior SEO Strategist,825
Senior SEO Content Strategist,826
Search Engine Optimization Expert,827
"SEO, Digital Marketing Strategist",828
SEO & Digital Marketing Strategist,829
"Partner, CMO",830
VP Marketing,831
Partner & CMO,832
Fractional CMO,833
Growth Marketer,834
Partner and CMO,835
Senior Marketer,836
VP of Marketing,837
Digital Marketer,838
marketing specialist,839
Marketing Strategist,840
Sr. Digital Marketer,841
Marketing Coordinator,842
Marketing Co-ordinator,843
Senior Growth Marketer,844
VP of Growth Marketing,845
digital marketing expert,846
Vice President Marketing,847
Head of Marketing & Brand,848
Head of Sales & Marketing,849
"Sales, Marketing Director",850
Marketing Campaign Manager,851
Sales & Marketing Director,852
"Sales, Marketing Executive",853
Digital Marketing Associate,854
Head of Marketing and Brand,855
Head of Sales and Marketing,856
Sales & Marketing Executive,857
Senior Marketing Specialist,858
Senior Marketing Strategist,859
Vice President of Marketing,860
Digital Marketing Specialist,861
Digital Marketing Strategist,862
"Director of Sales, Marketing",863
Integrated Marketing Manager,864
Sales and Marketing Director,865
VP Marketing & Communication,866
"Content, Marketing Strategist",867
Director of Sales & Marketing,868
Head of Performance Marketing,869
Marketing Campaign Strategist,870
Marketing Communications Lead,871
Sales and Marketing Executive,872
"Chief Sales, Marketing Officer",873
Content & Marketing Strategist,874
Chief Sales & Marketing Officer,875
Director of Sales and Marketing,876
Marketing Operations Specialist,877
Senior Marketing Digital Expert,878
Senior Vice President Marketing,879
Sr digital marketing strategist,880
Content and Marketing Strategist,881
Chief Sales and Marketing Officer,882
Senior Digital Marketing Specialist,883
Senior Digital Marketing Strategist,884
"Marketing, Communications Specialist",885
"Global Chief Sales, Marketing Officer",886
Marketing & Communications Specialist,887
Chief Marketing and Innovation Officer,888
Global Chief Sales & Marketing Officer,889
Marketing and Communications Specialist,890
Digital Marketing Operations Coordinator,891
Global Chief Sales and Marketing Officer,892
Vice President of Marketing and Operations,893
"Director of Communications, Content Marketing",894
Director of Communications & Content Marketing,895
Vice President of Marketing and Communications,896
Director of Communications and Content Marketing,897
"Digital marketing, business development executive",898
Digital marketing & business development executive,899
Digital marketing and business development executive,900
Content Specialist,901
Content Strategist,902
Senior Content Strategist,903
Content Marketing Specialist,904
Content Marketing Strategist,905
Content Management Specialist,906
Sr. Content Marketing Strategist,907
Content & SEO Specialist,908
MARKETING STRATEGIST AND SEO CONTENT CREATOR,909
Search Engine Optimization Analyst,910
Search Engine Optimization Consultant,911
Search Engine Optimization Coordinator,912
Senior SEO Analyst,913
Senior SEO Consultant,914
SEO Analyst,915
SEO and ADwords specialist,916
SEO and Web Specialist,917
SEO Consultant,918
SEO Consultant and Content Auditor,919
SEO Coordinator,920
SEO Outreach Specialist,921
SEO Outreach Specialist / Digital Marketing Coordinator,922
SEO Trainee,923
Sr. SEO Analyst,924
Web Stategist,925
Business Owner,926
CFO & Founder,927
"Chief Executive Officer, Systems Architect",928
Co Founder / CTO,929
Co-Founder / Investor,930
Co-founder / Operations,931
Co-Founder & COO,932
Co-Founder & Managing Partner,933
Co-Founder + Director of Digital Communications,934
Co-Founder | COO,935
Co-Founder | Managing Director & Chief Strategist,936
Co-Founder | Web Specialist | Web Marketing & Communication,937
Co-Founder and C.O.O,938
Co-Founder and Chief Operations Officer,939
"Co-Founder, VP",940
Co-Owner and Partner,941
Deputy CEO & Head of Claims,942
Director of Growth,943
Director of Strategy,944
Director of Strategy and Growth,945
"Director, Business Development",946
Executive,947
Executive Vice President/Partner,948
Founder & Board Member,949
Founder & Chief Architect,950
Founder/Independent Salesforce Consultant,951
Founder/Managing Member,952
Head of Growth,953
Managing Director & Board Member,954
Managing Partner & Co-Founder,955
Managing Partner and Co-Founder,956
Non-Exec Director and co-founder/investor,957
Operations Director,958
Sr. Vice President,959
Technical Co-Founder,960
APAC Digital Marketing Manager,961
Associate Paid Digital Marketing Specialist,962
Content Marketing Lead - APAC,963
Content Marketing Manager & Link Operations Associate,964
Digital Content Marketing Specialist,965
Digital Marketing & Content Specialist,966
Digital Marketing Account Manager,967
Digital Strategist,968
director of integrated marketing,969
Director of Marketing & Customer Success,970
Director of Marketing and Sales,971
"Director of Marketing, Americas",972
Executive Marketing Assistant,973
Growth Marketing Specialist,974
Junior Marketing Operations Specialist,975
"Managing Director, Sales and Marketing Manager",976
Marketing and Business Development Manager,977
Marketing and Sales Manager,978
Marketing Communications Specialist,979
Marketing Content Coordinator,980
Marketing Content Specialist,981
Marketing Graduate,982
Marketing Manager/ Consultant,983
Marketing Operations,984
Marketing Specialist Central Europe,985
Marketing Specialist Europe & APAC,986
Performance Marketing Specialist,987
Senior Content Marketing Specialist,988
Senior Editor + Marketing Manager,989
"Senior Marketing Manager, Demand Generation, EMEA",990
Sr Digital Marketing Specialist,991
Sr. Marketing Specialist,992
Technical Marketing Manager,993
"Vice President, Marketing",994
VP Global Marketing,995
"VP, Global Marketing",996
Web Marketing Specialist,997
"Web marketing specialist: Google Ads, Facebook Ads and Analytics",998
Chief Content Officer & Managing Partner,999
Digital Content Specialist,1000
"President, Content & PR Division",1001
Sr. Content Specialist,1002
SEO Specialist,1003
Sr. Seo Specialist,1004
Lead SEO Specialist,1005
SEO Project Manager,1006
Linkbuilding Specialist,1007
"Marketing, SEO Specialist",1008
Marketing & SEO Specialist,1009
Marketing and SEO Specialist,1010
"Content Manager, SEO Specialist",1011
Content Manager and SEO Specialist,1012
Search Engine Marketing Specialist,1013
Search Engine Marketing Strategist,1014
SEO and Digital Marketing Strategist,1015
Search Engine Optimization specialist,1016
Senior Copywriter & SEO Strategist,1017
SEO & Paid Ads Strategist,1018
SEO Strategist & Copywriter,1019
"Business Development, Founder",1020
Business Growth Manager,1021
Chief Commercial Officer & Partner (Co-CEO),1022
Chief Innovation Officer & Co-founder,1023
Chief Operating Officer,1024
Chief Operating Officer (COO),1025
Chief Operations Officer,1026
Chief Operations Officer / co-founder,1027
"Chief Technical Officer (CTO), Co-Founder",1028
Co-Founder / CTO,1029
Co-Founder / Director of Engineering,1030
Co-Founder / VP Product & Growth,1031
Co-Founder & Chief Product Officer,1032
Co-Founder & CRO,1033
Co-founder & CTO,1034
Co-Founder & Director of Product Development,1035
Co-Founder & Head of Client Services,1036
Co-founder & Head of Technology,1037
Co-Founder & Visionary,1038
Co-founder | Chairman of the Board,1039
Co-Founder | Head of Innovation,1040
Co-founder and CTO,1041
Co-Founder and Director of Partnerships,1042
Co-Founder and Lead Data Scientist,1043
Co-Founder and Technical Lead,1044
"Co-founder, Chief Technology Officer",1045
"Co-Founder, CTO",1046
CTO & Co-Founder,1047
"Director, Operations",1048
"Executive Assistant to CEO, Slipstream Cyber Security",1049
Executive Assistant to Chief Executive Officer,1050
"Executive Director, CTO",1051
Founder \ Developer,1052
Founder & Creative Director,1053
Founder & Joint Managing Director,1054
Founder & Managing Director | Convert Digital,1055
Founder & Technical Director,1056
Founder and CTO,1057
Founder and Investor,1058
"Founder, Partner and Chief Technology Officer",1059
Founder/Consultant,1060
Founding Partner,1061
Founding Partner & Chief Innovation Officer,1062
Interim Managing Director,1063
Investor and co-founder,1064
"President, Web Services",1065
Tech Founder & CEO,1066
Vice President,1067
Vice-President & COO,1068
Assistant Marketing Manager,1069
Assistant Vice President of Marketing & Communication,1070
Brand & Digital Marketing,1071
Brand & Marketing Strategist,1072
Brand and Content Marketing Manager,1073
Content Marketing Coordinator,1074
Customer Marketing Manager,1075
Digital Advertising Team Lead,1076
Digital Marketing Analyst,1077
Digital Marketing and Demand Manager,1078
Digital Marketing Coordinator,1079
Digital Marketing Manager - Social Media,1080
Digital Marketing Manager (PPC Specialist),1081
Digital Marketing Manager/ PPC/ Paid Search,1082
Digital Marketing Specialist | Senior PPC Specialist,1083
"Digital Marketing Specialist, Specialising in Content",1084
"Digital Marketing Strategist, Facebook Ads Specialist, Lead Activator, Speaker",1085
Digital Media & Operations Manager,1086
Digital Project Manager,1087
Digital Specialist,1088
Director Of Field Marketing,1089
Director Of Sales Marketing,1090
"Director of Sales, Service & Marketing",1091
Field Marketing Manager,1092
"Field Marketing Manager, EMEA",1093
Inbound Marketing Director,1094
Inside Sales and Marketing Manager,1095
Integrated Marketing Coordinator,1096
Marketing and Business Development Consultant,1097
Marketing Assistant,1098
Marketing Associate,1099
Marketing Communications,1100
"Marketing Consultant, Marketing Transformation and Marketing Strategy",1101
Marketing Coordinator & Project Manager,1102
Marketing Coordinator/Online Communications Specialist,1103
Marketing Manager-Partners & Associations,1104
"Marketing Manager, Demand Generation",1105
Sales and Marketing Administrator,1106
Sales Marketing Executive,1107
"Senior Director, Business Development & Marketing",1108
Sr. Digital Marketing Consultant,1109
"Sr. Manager, Marketing Programs",1110
Vice President - Digital Strategy | Marketing | Software Management,1111
Vice President of Sales & Marketing,1112
Vice President Sales & Marketing,1113
VP of Experience Strategy and Digital Marketing,1114
"VP, Marketing, Alliances",1115
Brand and Content Manager,1116
Content & Campaign Manager,1117
Content and Campaign Manager,1118
Content Coordinator,1119
Copywriter & Content Strategist,1120
(SEO)Search Engine Optimization Executive,1121
Assistant Manager SEO,1122
ASSISTANT SEO EXECUTIVE,1123
"Co-Founder, SEO Director",1124
"Community Host, Marketing & SEO Specialist",1125
Content & SEO Coordinator,1126
Content Marketing and SEO Manager,1127
CRO / SEO / PAID Specialist,1128
Digital Content Creator and SEO Executive,1129
Digital Marketer - SEO | Google Ads | Conversion Optimization,1130
digital marketer & seo expert,1131
Digital Marketing - SEO Analyst,1132
Digital Marketing & SEO Expert,1133
Digital Marketing & SEO Specialist/Client Advisor,1134
Digital Marketing | SEO Lead,1135
digital marketing services executive (SEO),1136
Digital Marketing Specialist /SEO/ Project Manager,1137
Digital Senior Consultant - Digital Experience / SEO,1138
Dir of SEO / Co-Founder,1139
Director of Customer Service - SEO,1140
Director of SEO @ Twiz,1141
Director of SEO & CRO,1142
Director of SEO and Content Strategy,1143
Director of SEO Operations,1144
Director of SEO Strategy,1145
Director of Web Marketing & SEO,1146
"Director, Content Marketing & SEO",1147
Esperto SEO,1148
Founder / Partner / SEO,1149
Founder & Head of SEO,1150
Founder & President of Boulder SEO Marketing | International SEO Expert,1151
Freelance iGaming/SEO/Marketing Translator and Copywriter,1152
Google Ads & SEO Consultant - Online Marketing Agency - Founder -,1153
Head of SEO & UX,1154
Head of SEO and Content,1155
Internet Marketer and SEO Specialist,1156
Jr. Search Engine Optimization Executive and Content Writer,1157
Junior Off-Page SEO and Digital PR Specialist,1158
Junior SEO Specialist,1159
"Lead Web Designer, Digital Marketer & SEO Specialist",1160
Link Building Team Leader,1161
Middle SEO specialist,1162
Off Page SEO Executive,1163
Off Page SEO Specialist,1164
Off-Page SEO Lead,1165
Off-page SEO Specialist,1166
On Page SEO Specialist,1167
Online Marketing (SEO),1168
Optimizacion seo de productos,1169
Organic Search Strategist,1170
Organic SEO Analyst,1171
Outreach Manager | SEO Expert,1172
"President, Co-Founder, CMO, & SEO",1173
Production & SEO Director,1174
Public Outreach and SEO Link Building Manager,1175
Search Engine Marketing Consultant,1176
Search Engine Optimization,1177
Search Engine Optimization (SEO) & Content Writer,1178
Search Engine Optimization Specialist and Copywriter,1179
"Search Engine Optimization Strategist, Integration Manager",1180
Search Strategist,1181
SEM & SEO Internet Marketing Specialist,1182
SEM Account Manager,1183
SEM Manager,1184
sem/seo/smm,1185
Senior Content Writer & SEO Specialist,1186
Senior Search Engine Optimization,1187
Senior Search Engine Optimizer,1188
Senior SEO & WordPress Manager,1189
Senior SEO Operations Manager,1190
Senior SEO Specailist,1191
Senior SEO Specia;ist,1192
Senior SEO Specialist/ Manager,1193
Senior SEO Specialist/Technical SEO Analyst,1194
"Senior SEO, SMO Expert",1195
"Senior Strategist, SEO",1196
seo,1197
SEO & HR Manager,1198
SEO & PPC Account Manager,1199
SEO & Web Developer,1200
SEO & Web Development Consultant,1201
SEO & Website Administrator,1202
SEO + Content Director,1203
SEO Analyst | Digital Marketing,1204
SEO and Content Lead,1205
SEO and Google Ads Marketing Manager,1206
SEO and Paid Media Specialist,1207
SEO Associate,1208
SEO Consultant & Specialist,1209
SEO Consultant & Teamleider SEO - Zoekmachine Marketing & SEO Copywriting,1210
SEO Content Writer / Content Strategist,1211
SEO Excecutive,1212
SEO Excutive,1213
SEO Executive - SEO On Page & Off Page Optimization,1214
SEO EXECUTIVE /DIGITAL MARKETING EXECUTIVE/INTERNET MARKETING,1215
"SEO Expert , Digital Marketer and Office Executive",1216
SEO Expert | Marketing Strategist,1217
SEO Manager l Digital Marketer,1218
SEO Officer,1219
SEO Operations,1220
SEO Outreach Executive,1221
SEO Practitioner,1222
SEO Professional,1223
SEO Program Director,1224
SEO Project Manager & Content Creator,1225
SEO Senior Consultant,1226
SEO Specialist and Copy Editor,1227
SEO Specialist/ Web Project Coordinator,1228
"SEO strategist, web marketer",1229
SEO Supervisor,1230
SEO Team Leader,1231
SEO Team Leader and Web Developer,1232
SEO Tech Manager,1233
SEO-consultant,1234
SEO-specialiste,1235
Specjalista ds. SEO,1236
sr search engine marketing manager / tech marketing department head,1237
Sr SEO Analyst,1238
Sr SEO Executives,1239
"Sr. Digital Marketing Analyst, SEO",1240
Sr. Search Engine Optimization Manager,1241
Sr. Search Engine Optimization Specialist,1242
Sr. SEO Analysts,1243
Sr. SEO Associate,1244
Sr. SEO Engineer,1245
Sr. SEO Expert,1246
Sr. SEO Strategist,1247
Sr. SEO/SEM Specialist,1248
Sr.SEO & Digital marketing Specialist,1249
Team Lead - SEO,1250
Technical SEO Consultant,1251
UX & CRO Specialist - SEO Digital Strategist,1252
"VP/Director, SEO",1253
Web Design & SEO Specialist,1254
Wordpress Developer & SEO Manager,1255
? SHAZAMME Co-Founder | Chief Recruitment Marketing Disruptor,1256
Accounts Director & Marketing Manager,1257
Agency Founder & CEO,1258
"Agency Founder, President & CEO",1259
Agency Owner,1260
Assistant Director,1261
Assistant to CEO,1262
Assistant Vice President Marketing,1263
Assistant Vice President: Marketing and Client Experience Manager,1264
Assistante CEO,1265
Associate Director,1266
"Associate Director, Marketing and Business Development",1267
Associate Founder,1268
Associate management executive,1269
Associate Marketing Director,1270
"Associate, Office of the CEO",1271
Brand and Marketing Director,1272
Brand Marketing Director,1273
Business Development & Marketing Director,1274
Business Operation Director,1275
Business Unit Director & Marketing Manager,1276
CEO - Co Founder,1277
CEO - North America,1278
CEO (Co-Founder),1279
CEO / Executive Director,1280
CEO / Managing Director / Co-owner,1281
CEO /Partner,1282
CEO & Analytics Expert,1283
CEO & Chairman,1284
CEO & CO-FONDATORE,1285
"CEO & Co-Founder, Getafix Technologies Pvt. Ltd.",1286
CEO & CTO,1287
CEO & Cultivator of Happiness,1288
CEO & Customer Success ??,1289
CEO & Data Scientist,1290
CEO & Director,1291
CEO & Founder- Growth Hacking Strategist- Enterprises & Startup,1292
CEO & Founding Director,1293
CEO & Head of Strategy,1294
CEO & Managing Director,1295
CEO & Owner,1296
CEO & Passionate Storyteller,1297
CEO & Principal Engineer,1298
CEO & Product Manager,1299
CEO | FOUNDER,1300
CEO | Innovation focused Executive | Visionary | Technology Strategist,1301
CEO and Board Member,1302
CEO and Board of Directors,1303
CEO and Chairman of the Board,1304
"CEO and Co-founder. Data Catalog expert. CDO, Head of Analytics and Data lake architects friend",1305
CEO and Director,1306
CEO and General Manager,1307
CEO and HR Coach,1308
CEO and Principal,1309
CEO and Principle Partner,1310
CEO Mangools.com,1311
CEO of CSP Solutions,1312
CEO Office-Project Lead,1313
CEO- CoFounder,1314
"CEO, Co-founder, Head of Product",1315
"CEO, CTO and Co-founder",1316
"CEO, CTO, founder",1317
"CEO, Digital Marketing Strategist",1318
"CEO, Director of Inbound Marketing",1319
"CEO, Healthcare Marketing Advisor",1320
"CEO, Managing Partner and Co-Founder",1321
"CEO, Partner",1322
"CEO, TWST Events",1323
CEO/ CFO,1324
CEO/ Co-Founder,1325
CEO/Creative Director,1326
CEO/Founding Partner,1327
CEO/Inventor/Founder,1328
CEO/Managing Director,1329
CEO/President & Founder,1330
Chairman & CEO,1331
Chairman & Co-founder,1332
Chairman & Managing Director,1333
Chairman and CEO,1334
Chairman/Co-Founder,1335
Chief Business Officer,1336
Chief Executive,1337
Chief Executive Officer | Founder,1338
Chief Executive Officer |Cloud Computing| Web/Mobile Development |Live Streaming| Data Analytics,1339
"Chief Executive Officer, Board Member",1340
Chief Operating Officer / Head of Data Science,1341
Chief Operating Officer & Co-founder,1342
Chief Operating Officer & Managing Partner,1343
"Chief Operating Officer | Building a Resilient, Sustainable, and Scalable Nonprofit Organization",1344
Chief Operating Officer/Partner,1345
Chief Operational Officer,1346
"Chief Sales and Marketing Officer, Co-Owner",1347
Chief Solutions Officer and Co-founder,1348
Chief Strategy Officer,1349
Chief Technology Officer and Co-Founder,1350
Chief Technology Officer and Founder,1351
CIO & Co-Owner,1352
Cloud Consultant & CEO,1353
CMO & Co-Founder of EDIT.org � Boost the image of your business in one click.,1354
Co Founder - Corporate Development Director,1355
Co Founder / Head of Operations,1356
Co Founder & Chief Strategy Officer,1357
Co Founder & Content Head,1358
Co Founder | Director,1359
Co founder and COO,1360
Co Founder and Director of Growth,1361
"Co Founder, Designer, Developer",1362
Co Owner,1363
Co Owner & Director,1364
Co- Founder,1365
co-CEO & Technical Strategist,1366
CO-CEO | CTO,1367
Co-Director,1368
Co-fondateur & COO de VideoRunRun,1369
Co-Founder - Director,1370
Co-Founder - Partner,1371
Co-Founder - VP Business Development,1372
Co-Founder / Co-President,1373
Co-founder / Japan Country Manager,1374
Co-Founder / les@itc2.net - 4042730142,1375
Co-Founder / Managing Director USA,1376
Co-Founder / Managing Partner,1377
Co-Founder / Marketer,1378
Co-Founder / Partner,1379
Co-Founder / Partner / Board Chairman,1380
Co-Founder / WordPress Developer & Digital Marketing Expert,1381
Co-Founder & Board Member,1382
Co-founder & Business Development,1383
Co-Founder & Business Development Manager,1384
Co-Founder & CEO of VideoRunRun - SaaS/Managed Platform For YouTube Ads Performance,1385
Co-Founder & Chief Commercial Officer,1386
Co-Founder & Chief Operating Officer,1387
Co-founder & Chief Technology Officer,1388
Co-Founder & Co-Chair Diversity & Inclusion,1389
Co-Founder & Commercial Director,1390
Co-founder & Creative Director,1391
Co-Founder & Digital Partner,1392
Co-Founder & Director - Yogiti,1393
Co-Founder & Director of Web Development,1394
Co-Founder & Executive Director,1395
Co-Founder & Lead Engineer,1396
Co-Founder & Managing Editor,1397
Co-Founder & Marketing Automation Consultant,1398
Co-founder & MD,1399
Co-Founder & Non Exec Director,1400
Co-Founder & Partner,1401
Co-Founder & Project Manager,1402
"Co-Founder & Senior Manager, Business Development",1403
Co-Founder & Supply Chain Optimization Director,1404
Co-Founder & Technical Director,1405
co-founder & technical head,1406
Co-Founder & VP R&D,1407
Co-Founder + Chief Operating Officer (COO),1408
Co-Founder + Chief Revenue Officer (CRO),1409
Co-Founder | CRO,1410
Co-founder | Director | Sr. Editor,1411
Co-founder | DIY enterprise-grade consumer research for anyone,1412
"Co-Founder | General Manager, APAC Operations",1413
Co-Founder | Managing Director,1414
Co-Founder | Sales & Consulting,1415
Co-Founder and Analyst,1416
Co-Founder and Analytics Expert,1417
Co-Founder and board member,1418
Co-Founder and CFO,1419
Co-Founder and Chairman,1420
Co-Founder and Chief Product Officer,1421
Co-Founder and Chief Solutions Officer,1422
Co-Founder and COO,1423
Co-Founder and CPO,1424
Co-Founder and CTO/VP R&D,1425
Co-Founder and designer,1426
Co-Founder and Director of India Operations,1427
Co-Founder and Director of Sales,1428
Co-Founder and Executive Director,1429
Co-Founder and Global Head of Cloud Infrastructure,1430
Co-Founder and Global Head of Solutions Architecture,1431
Co-Founder and Manager Operations,1432
Co-Founder and Managing Partner,1433
Co-Founder and Marketing Manager,1434
Co-founder and owner,1435
Co-founder and Partner,1436
Co-founder and Project Head,1437
Co-Founder and shareholder,1438
Co-Founder and VP Executive,1439
Co-Founder COO,1440
Co-founder of salesbricks,1441
Co-Founder US | Account Executive,1442
"Co-Founder, Board Member",1443
"Co-Founder, Business Development Director",1444
"Co-Founder, Chief Analyst",1445
"Co-Founder, Chief Engineering Officer",1446
"Co-Founder, Chief Operating Officer",1447
"Co-Founder, Chief Product Officer",1448
"Co-Founder, Co-CEO & CTO",1449
"Co-founder, COO",1450
"Co-Founder, Editor in Chief",1451
"Co-Founder, Executive Director",1452
"Co-Founder, Head of Marketing (Acquired by Zillow, July '23)",1453
"Co-founder, Operations and Finance, Marketing Data Analyst",1454
"Co-Founder, President and Chief Information Officer",1455
Co-Founder/Co-CEO,1456
Co-Founder/Creative,1457
Co-Founder/CTO/CISO,1458
Co-Owner & Director,1459
Co-owner 3PRIME Web Services,1460
Co-Owner and Director,1461
Co-Owner and Marketing Director,1462
Co-Owner and Senior UX Specialist,1463
"Co-Owner, Director of Post Production, Executive Producer",1464
Co-owner/CFO,1465
Co-owner/Founder,1466
Co-President,1467
CoFounder,1468
CoFounder & CTO,1469
Cofounder and Chief Marketing Officer,1470
Cofounder and Director,1471
Cofounder and General Manager,1472
Cofounder and Owner,1473
"Cofounder, CTO",1474
Commissioner & CEO,1475
Communications Director,1476
Content Marketing Director,1477
COO,1478
COO and Co-founder,1479
"COO, Co-Founder",1480
"COO, CPO, President",1481
Corporate Counsel & Director of Marketing,1482
cpo and co-founder,1483
CPTO & Co-Founder,1484
"Creative Development Director - Marketing Director, Web Designer, Branding Strategist",1485
Creative Director & CEO,1486
Creative Director & Co Founder,1487
Creative Director & Co-Founder,1488
Creative Director & Owner,1489
"Creative Director, Founder",1490
CRO Expert | Founder & Managing Director,1491
CTO and co-founder,1492
"CTO, Co-Founder",1493
CTO/Founder,1494
Degital Executive,1495
Deputy Chief Executive Officer,1496
deputy director,1497
Designer/owner,1498
Development & Co-Founder,1499
Digital & Content Marketing Director,1500
Digital Account Director,1501
Digital Director,1502
Digital Marketing Director (Agency),1503
"Digital Marketing Director, Enterprise SaaS",1504
Digital Media Director,1505
Digital Strategy Director,1506
Directeur des Op�rations,1507
Director - Chicago Office,1508
Director - Enterprise Business,1509
Director - Growth & Strategy,1510
Director - Head of Marketing and Lead Generation,1511
Director - Marketing Science,1512
Director - Operations,1513
Director & Chief Technology Officer,1514
Director + Founder,1515
Director | Co-founder,1516
Director | Owner / Business Consultant,1517
"Director and General Manager, Product Development",1518
Director CEO,1519
"Director Commercial Operations, Director Sales & Marketing, Member of the Board",1520
Director CX & Head of Marketing,1521
Director Digital Marketing,1522
Director General,1523
Director Global Marketing Communications,1524
Director of Business Development & Marketing,1525
Director of Business Development/Marketing,1526
Director of Channel Marketing,1527
Director of Communications and Marketing Content,1528
Director of Content Operations,1529
Director of Digital,1530
Director of Digital & Lead Developer,1531
Director of Digital Experience,1532
Director of Digital Growth,1533
Director of Digital Strategy & Marketing,1534
Director Of Global Digital Marketing,1535
Director of Marketing & Alliances,1536
"Director of Marketing & Business Development, Oakbridge Insurance",1537
Director of Marketing & Demand Generation,1538
Director of Marketing | Head of Marketing,1539
Director of Marketing and Accessibility Consultant,1540
Director of Marketing and Communication,1541
Director of Marketing and Digital Strategy,1542
Director of Marketing and Events,1543
Director Of Marketing And Promotions,1544
Director of Marketing And Public Relations,1545
Director of Marketing Strategy,1546
Director of Marketing Technology,1547
"Director of Marketing, Ecommerce & Partner Management",1548
"Director of Marketing, Events & Sales Support",1549
"Director of Marketing, NA",1550
Director of Media Marketing,1551
Director Of Operations/COO,1552
Director of Operations/Scrum Master,1553
Director Of Product Development & Co-Founder,1554
Director of Sales and Advertising Operations,1555
Director of Solutions Marketing,1556
Director of Strategic Growth,1557
Director Sales & Strategy,1558
Director Sales and Marketing,1559
Director-General,1560
"Director, ABM and Integrated Marketing",1561
"Director, Board of Directors",1562
"Director, Brand & Product Marketing",1563
"Director, Brand + Creative",1564
"Director, Business Development & Marketing",1565
"Director, Client Services & Operations",1566
"Director, Co Founder",1567
"Director, Corporate Strategy & Operations, (and co-founder)",1568
"Director, Customer Success",1569
"Director, Demand Generation & Growth Marketing",1570
"Director, Digital & Integrated Marketing",1571
"Director, Digital Media Strategy",1572
"Director, Digital Strategy",1573
"Director, Global Marketing",1574
"Director, Influencer and Marketing Integration",1575
"Director, Lifecycle Marketing",1576
"Director, Marketing & Brand Communications",1577
"Director, Marketing & Business Development",1578
"Director, Marketing & HR",1579
"Director, Marketing and Operations -California and Taiwan",1580
"Director, Marketing Code42 CrashPlan",1581
"Director, Marketing Content",1582
"Director, Marketing Operations and Digital Experience",1583
"Director, Marketing Services",1584
"Director, OEM Initiative",1585
"Director, Partner",1586
"Director, Producer",1587
"Director, Strategic Accounts",1588
Director: Global Business Engagement,1589
Director/COO/Shareholder,1590
Director/Team Lead Manager,1591
Director/VP,1592
Directora de marketing CMO,1593
Directory Content Coordinator,1594
Directory of Cinematography/Cheif Editor of Marketing,1595
EMEA Marketing Director (fractional),1596
Exec. Chairman & MD,1597
Executive Assistant to CEO,1598
Executive Chairman and Co-founder,1599
Executive Coordinator,1600
Executive Director / Admin,1601
Executive Director Sales Marketing,1602
"Executive Director, Marketing | Alliance & Association Management",1603
Executive Director/CEO,1604
External consultant/Marketing Director,1605
Founder - Cloud Tech Services,1606
Founder - CTO - Architect - Developer,1607
Founder - Managing Partner,1608
Founder (Intrro) - Batch 1,1609
Founder (The Growth Crew - acquired),1610
Founder / Professor / HR Coach / Mentor / Culture Advisor,1611
"Founder & CEO | Content Marketing Agency for B2B SaaS | We write case studies, ebooks and blog posts",1612
Founder & CEO of Kretoss Technology,1613
Founder & CEO of Vue.ai,1614
Founder & Chairman Of The Board,1615
Founder & Chief Product and Strategy Officer,1616
Founder & Chief Product Officer,1617
Founder & CPO,1618
Founder & CPTO,1619
Founder & CTO,1620
Founder & Digital Advisor,1621
Founder & Director of Technology,1622
Founder & Executive Producer,1623
Founder & Managing Director PEMAVOR (ex SEAlyzer),1624
Founder & Partner,1625
Founder & Partner @ HubSpot,1626
Founder & Principal Consultant,1627
Founder & Promoter,1628
Founder & Proprietor,1629
Founder | Chief Executive Officer,1630
Founder | Exit 2022 | Advisor,1631
Founder | Marketing Strategist,1632
Founder and Agile coach,1633
Founder and Chairperson,1634
Founder and Chief Innovation Officer,1635
Founder and Chief Operating Officer,1636
Founder and Chief Technology Officer,1637
Founder and CPTO,1638
Founder and Creative Director,1639
Founder and Director - FDRY,1640
"Founder and Director, Customer Strategy and Experience",1641
Founder and MD,1642
Founder and Solutions Architect,1643
Founder Board Member,1644
Founder CEO,1645
Founder of Absolute Webtech,1646
Founder of Markt POS,1647
Founder Partner - Executive Diretor,1648
"Founder, ACBM Solutions | JDE Consulting & Orchestrator Training | Process Automation",1649
"Founder, Agile Enterprise Coach, Agile HR and Agile leadership trainer",1650
"Founder, CEO and President; Senior Consultant and Trainer",1651
"Founder, Chairman & CEO",1652
"Founder, CIO, CTO",1653
"Founder, Client Success Officer",1654
"Founder, creative director",1655
"Founder, CTO",1656
"Founder, CTO, COO",1657
"Founder, Director & Editor",1658
"Founder, Head of Strategy",1659
"founder, President/CEO",1660
"Founder, Senior Developer",1661
"Founder, VP Sales and Marketing",1662
Founder/CEO/CMO,1663
Founder/Chief Executive Officer,1664
Founder/COO Anthem Software,1665
Founder/President,1666
Founding President,1667
Founding Principal and CEO,1668
Fractional Director of Marketing,1669
General Director,1670
General Manager / Owner,1671
General Manager / Principal,1672
general manager & director of sales and marketing,1673
General Manager Business Development,1674
General Manager of the Carolinas,1675
General Manager/DOS,1676
Global Director,1677
Global Growth & Strategy Partner / Non-Executive Director / Board Member,1678
Global Marketing Director,1679
Global Sales and Marketing Director,1680
Global Vice President of Sales and Marketing,1681
"Global Vice President, Product Marketing",1682
GM,1683
GM & SVP of Sales APAC,1684
Group Managing Director,1685
"Group Marketing, PR & Communications Director",1686
Head of Marketing (Marketing Director),1687
HR & Marketing Director,1688
Investor and CEO,1689
IT Director and Co-Founder,1690
Joint CEO,1691
"Manager, Director, Service, Web, Marketing",1692
Managing Director - APAC Region / Senior UI Architect,1693
Managing Director / CEO | Owner,1694
Managing Director / Founder,1695
Managing Director / Owner,1696
Managing Director / Visionary | Owner,1697
Managing Director & Co-Founder,1698
Managing Director & Head of Digital Marketing,1699
Managing Director & Investor,1700
Managing Director & Owner,1701
Managing Director & Sr. Technology Consultant,1702
Managing Director and co-founder,1703
Managing Director of Digital,1704
Managing Director W4 Group,1705
"Managing Director, Business Development",1706
"Managing Director, Decatur",1707
"Managing Director, Marketing",1708
"Managing Director, Risk Specialist",1709
"Managing Director, Strategic Programs and Practices",1710
Managing Partner (VP),1711
Managing Partner / CEO,1712
Managing Partner / Creative Director,1713
Managing Partner / Owner / Creative Director,1714
Managing Partner & CEO,1715
"Managing Partner, Co-founder",1716
"Managing Partner, Co-Founder, Next-Gen IT Consultant",1717
Marketing Communications Director,1718
Marketing Director - Regional APAC,1719
"Marketing Director | Online, Lead Gen, Cloud",1720
Marketing Director EMEA & APJ,1721
"Marketing Director, Americas",1722
"Marketing Director, Ekco",1723
"Marketing Director, Global � Education, Publishing & Accessibility",1724
"Marketing Director, Product Manager",1725
Marketing Program Manager & Operations Director,1726
MD and Program Director,1727
Member of the Board - Non-Executive Director,1728
Member/Owner,1729
National Director of Marketing,1730
National Executive Director,1731
Non Executive Chair,1732
Online Advertising,1733
Operations Manager,1734
Organization Manager,1735
Owner - President,1736
Owner / Consultant,1737
Owner / Creative Director,1738
Owner / Operator,1739
Owner & Chief Executive Officer,1740
"Owner Marketing, Sales & Promotions",1741
"Owner, Founder, Web Architect, Tech Evangelist",1742
"Owner, Managing Partner",1743
"Owner, User Experience Consultant",1744
"Owner, VP of Marketing",1745
Owner/CEO,1746
Owner/Manager,1747
Owner/Operator,1748
Owner/Partner,1749
Owner/President/CEO,1750
Partner / Chief Executive Officer,1751
Partner / Co-Founder / Board Member,1752
Partner & Managing Director,1753
Partner + CEO,1754
Performance Marketing Director,1755
President - Business Operations India,1756
President - Web Development,1757
President (and Founder),1758
President / Marketing Strategist,1759
President / Owner,1760
President & Chief Creative Officer,1761
President & Co-Founder of Healthcare Marketing Agency,1762
President & COO,1763
President & Managing Director,1764
President & Owner,1765
President | Co-Founder,1766
President and Chief Operations Officer,1767
President and Co-CEO,1768
President and Owner,1769
"President, CEO, and Founder",1770
"President, Co-Founder & Chief Executive Officer (CEO)",1771
"Pr�sident, Directeur G�n�ral, CEO",1772
"President, Director, Chief Executive Officer",1773
"President, Executive Chairman",1774
President; Partner/Owner,1775
President/COO,1776
President/Creative Director,1777
President/Managing Director,1778
Principal + Strategy Director,1779
Principal | Founding Member,1780
Sales/Marketing Director,1781
Senior Account Executive and Founder,1782
Senior Director of Global Marketing Operations and Technology,1783
"Senior Director, Digital Marketing & App Development",1784
"Senior Director, Insights & Strategy",1785
"Senior Director, Marketing + Communications",1786
"Senior Director, Marketing Communications & Content",1787
"Senior Director, Product Marketing",1788
"Senior Director, Publishing and Marketing",1789
Senior Managing Director,1790
Senior Managing Director and Owner,1791
Senior Vice President,1792
Senior Vice President of Global Marketing,1793
Senior Vice President of Marketing,1794
"Senior Vice President, Innovation & Marketing",1795
"Senior Vice President, Marketing",1796
Speire Web Director & Co-Founder,1797
Sr Director of Marketing,1798
"Sr Director, Growth Marketing",1799
Sr. Digital Marketing Director,1800
"Sr. Director Marketing, EMEA",1801
Sr. Director of Content Strategy,1802
"Sr. Director, Marketing",1803
"Sr. Director, Marketing (Test and Measurement - Rental/Distribution)",1804
"Sr. Director, Partner Marketing",1805
"Sr. Director, Product Marketing",1806
Sr. Marketing Strategist / Fractional Marketing Director,1807
Strategic Communication Director,1808
Strategic Director,1809
Strategy Director,1810
technology & business advocate / thought leader / founder & ceo,1811
"Technology Chairman, Board of Directors | Director of Marketing",1812
Technology Evangelist / Co-Founder,1813
The Executive Director,1814
Vice Chief Executive Officer,1815
Vice President & Founding Member,1816
"Vice President and General Manager, Programs and Business Development",1817
Vice President and Head of Digital,1818
Vice President Global Marketing,1819
Vice President Marketing & Business Development,1820
Vice President Marketing & Communications,1821
Vice President Marketing & Digital Sales,1822
Vice President Marketing Communications,1823
Vice President of Content & Growth,1824
Vice President of Growth & Strategy,1825
Vice President of Marketing & Business Development,1826
Vice President of Marketing and Sales,1827
Vice President of Marketing Strategy,1828
Vice President of PERQ Marketing,1829
Vice President of Sales and Marketing,1830
Vice President Operations,1831
"Vice President, Business Development",1832
"Vice President, Content",1833
"vice president, corporate strategy",1834
"Vice President, Creative Director",1835
"Vice President, Digital Media",1836
"Vice President, Federal Growth & Strategy",1837
"Vice President, IT Asset Lifecycle Management Solutions",1838
"Vice President, Marketing & Client Services",1839
"Vice President, Marketing and Communications",1840
"Vice President, Marketing and Sales Enablement",1841
"Vice President, Marketing and Strategy",1842
"VICE PRESIDENT, Project Management",1843
"Vice President, Sales & Marketing",1844
"Vice President, Sales and Marketing",1845
"Vice President, Strategy & Accounts",1846
Vice President/ Chief Marketing Officer,1847
Vice President/Owner,1848
Vice-President,1849
VP Sales / Owner,1850
"VP, Operations",1851
"???, co-founder",1852
Account and Marketing Manager,1853
"Account Executive, Digital",1854
Account Manager Performance Marketing,1855
Accounts and Marketing Manager,1856
Accounts and Marketing Officer,1857
Administrative Assistant & Marketing Coordinator,1858
Advisory Board - Marketing & Demand Generation,1859
Analista de marketing,1860
Analyst - Digital Marketing,1861
Analyst Digital Marketing,1862
Asistente de marketing,1863
Assisstant Marketing Manager,1864
Assistant digital marketing manager,1865
Assistant General Manager Marketing,1866
Assistant Manager - Digital Marketing,1867
Assistant Manager - Marketing,1868
Assistant Manager Digital Marketing,1869
"Assistant Manager, Digital Marketing",1870
Assistante marketing,1871
Associate - Digital Marketing,1872
Associate Digital Marketing Strategist,1873
Associate marketing executive,1874
Associate Marketing Manager,1875
Associate Marketing Specialist,1876
Asst. Manager Marketing,1877
Asst. Marketing Manager,1878
AVP | Sales & Marketing,1879
AVP Sales & Marketing,1880
"AVP, Brand & Marketing Operations",1881
"AVP, Marketing Specialist",1882
Brand & Marketing Manager,1883
Brand Marketing Executive,1884
Branding & Digital Marketing Manager,1885
Business & Marketing Associate,1886
Business Advisory Services & Marketing Coordinator,1887
Business Analyst / Digital Strategist,1888
Business Development / Digital Marketing Manager,1889
Business Development & Marketing,1890
Business Development & Marketing Specialist,1891
Business Development & Marketing Strategist,1892
Business Development Manager & Senior Marketing Strategist,1893
Campaign and Content Marketing Manager,1894
Channel Marketing Manager,1895
Charg�e de communication marketing,1896
Charg�e de marketing digital et �ditorial,1897
Charg�e de Marketing et de Communication,1898
Charg?? de strat??gie marketing,1899
Chef de projet Marketing et Web,1900
Chief Digital Marketing Strategist,1901
Chief Growth Officer,1902
Chief Marketing & Product Officer,1903
Chief Marketing Editor,1904
Chief Marketing Officer (Global),1905
Chief Marketing Officer & Strategic Partnerships,1906
Chief Marketing Officer and Chief Social Impact Officer,1907
Chief Officer of Marketing and Communications,1908
Chief Operating Officer / CMO,1909
Chief Sales Marketing Officer,1910
Chief Strategist || Digital Marketing Head II MobileApp Business Specialist,1911
CMO - SaaS,1912
CMO (Chief Marketing Officer),1913
"CMO & CCO, Partner",1914
Co-CMO (Interim),1915
Communications and Marketing Coordinator,1916
Communications and Marketing Manager,1917
Communications Manager,1918
Consultant - Marketing and Ecommerce Performance,1919
consultant - marketing and sales,1920
Consultant Growth Marketing,1921
Consultor de Marketing Digital,1922
Content & Marketing Automation Strategist,1923
Content Marketing & Account Manager,1924
Content Marketing Associate,1925
Content Marketing Specialist and Analyst,1926
Content Marketing Specialist II,1927
Content Marketing Strategy Manager,1928
Content Team Lead / Content Marketing Manager,1929
Conversational Marketing Specialist,1930
COO | Digital Strategist,1931
"Coordinator, Content Marketing",1932
Copywriter & Digital Marketing Specialist,1933
Creative & Marketing Lead,1934
CSO & CMO,1935
CTO / CMO / Developer / System Administrator,1936
Deputy Manager - Marketing,1937
Design & Digital Marketing Manager,1938
Digital & Content Marketing Specialist,1939
Digital & IT Manager,1940
Digital Account Executive,1941
Digital Accounts Executive,1942
Digital Advertising Executive,1943
Digital Campaign Manager,1944
Digital Consultant (Strategic marketing),1945
Digital Development Manager,1946
Digital Executive,1947
Digital Manager,1948
Digital Marketer and Project Coordinator,1949
Digital Marketer and Web Developer,1950
Digital Marketing,1951
Digital Marketing & Automation Specialist,1952
Digital Marketing & Brand Strategist,1953
Digital Marketing & CRM,1954
Digital Marketing & Production Coordinator,1955
Digital Marketing & Project Manager,1956
Digital Marketing | Conception PCB | Assemblage PCB | Industrie 4.0,1957
Digital Marketing Account Coordinator,1958
Digital Marketing Account Specialist,1959
Digital Marketing Analyst Intern,1960
Digital Marketing Analyst/Client Communications/Client servicing/Content Strategist,1961
Digital Marketing and Communications Specialist,1962
Digital Marketing and Customer Acquisition Lead,1963
Digital Marketing and Web Analytics Specialist,1964
Digital marketing assisant,1965
Digital marketing Assistant,1966
Digital Marketing Campaign Manager,1967
Digital Marketing Client Success Manager,1968
Digital Marketing Co-op,1969
Digital Marketing Consultant,1970
Digital Marketing Consultant (BD),1971
Digital Marketing Coorinator,1972
Digital Marketing Excutive,1973
Digital Marketing Executive and Business Development,1974
Digital Marketing Executive And Wordpress Developer,1975
"Digital Marketing Manager, Account Services",1976
Digital Marketing Manger,1977
Digital Marketing Officer,1978
Digital Marketing Professional,1979
Digital Marketing Project Manager,1980
Digital Marketing Specialist - Perkin Elmer Informatics,1981
Digital Marketing Specialist - Project Manager,1982
Digital Marketing Specialist | Growth Oriented,1983
"Digital Marketing Specialist, HR Branding & Marketing Team",1984
Digital Marketing Strategist / Managing Principal,1985
Digital Marketing Strategist/Analyst & Content Marketer,1986
Digital Marketing Web Developer,1987
"Digital Marketing, E-commerce & Branding Consultant",1988
Digital Media Associate,1989
Digital Media Manager,1990
Digital Media Marketing Manager (Remote),1991
Digital Media Specialist,1992
"Digital Media Strategist, Digital Planner",1993
Digital Operations Manager,1994
Digital Project Manager (SaaS and Adobe platforms),1995
Digital Project Manager / Accounts Manager,1996
Digital Strategist & Analyst,1997
Digital strategist and Partner,1998
Digital Strategy Lead,1999
Digital Technology Marketing Manager,2000
"Dir Of Marketing, Strategy and Communications",2001
Dir. Marketing & CRM,2002
Direct Marketing Specialist,2003
Directeur marketing,2004
Directrice marketing,2005
EA + Marketing Coordinator,2006
Enablement and Content Marketing Manager,2007
Engagement & Retention Marketing Manager,2008
Especialista em vendas e marketing,2009
EVP Sales and Marketing,2010
"EVP, Digital and Performance Marketing",2011
Executive Advisor � Marketing and Channel Partnerships,2012
"Executive Assistant, Strategic Sales and Marketing",2013
Executive content marketing and research,2014
Executive Marketing,2015
Field Marketing Manager AMER ??? B2B SaaS / CPaaS,2016
Field Marketing Manager EMEA,2017
"Founding Member, Head of Marketing",2018
Gestor de proyectos de marketing,2019
Global Branding & Digital Marketing Manager,2020
Global Communications Manager,2021
Global Digital Marketing Lead,2022
"Global Digital, Reporting and Operations Manager",2023
"Global Head of Marketing - UK, Europe, Middle East, LATAM, APAC",2024
Global Head of Marketing and Growth,2025
Global Head Sales & Marketing,2026
Global Marketing and Events Manager,2027
Global Marketing and Sales Operations Lead,2028
Global Marketing Assistant,2029
Global Marketing Communications,2030
Global Marketing Manager,2031
"Global Marketing Manager, Partners and Operations",2032
Global Marketing Specialist,2033
"Group Manager, Marketing and Communications",2034
Group Marketing Executive,2035
Group Marketing Manager,2036
Growth & Digital Marketing,2037
Growth & Marketing Strategist,2038
Growth and Digital Marketing Advisor,2039
Growth Lead,2040
Growth Manager,2041
"Growth Manager���Attracting, Engaging, and Retaining Top Talents and Customers ���� E",2042
Growth Marketer/ Consultant,2043
Growth Marketing,2044
Growth Marketing / Marketing Automation Coordinator,2045
Growth Marketing and Business Development- Americas and APAC,2046
Growth Marketing Associate,2047
Growth Marketing Coordinator,2048
Growth Marketing Executive,2049
Growth Officer,2050
Growth Operations Manager,2051
Growth Specialist,2052
Growth Strategist,2053
Growth Strategist / Fractional CMO,2054
Head Marketing & Corporate Communication,2055
Head of Communications and Marketing,2056
Head of Community and Marketing,2057
Head of Demand Generation and Marketing Operations,2058
Head Of Digital Marketing Services,2059
head of digital strategy,2060
"Head of Digital, Campaigns and Operations",2061
Head of Global Marketing,2062
Head of Global Marketing & Brand,2063
Head Of Marketing - Earned Media,2064
Head Of Marketing & Corporate Communications,2065
Head Of Marketing & Customer Engagement,2066
Head of Marketing & Partner Relations,2067
Head of Marketing & Strategy,2068
Head of Marketing | Consultant,2069
Head of Marketing and Community Engagement,2070
Head of Marketing and Professional Services,2071
Head of Marketing and Sales,2072
Head of Marketing Campaigns,2073
Head Of Marketing Communications,2074
Head of Marketing DACH,2075
Head of Marketing Production,2076
Head of Marketing- Growth & Partnership,2077
"Head Of Marketing, DACH",2078
"Head Of Marketing, Europe",2079
"Head Of Marketing, RTInsights.com and CloudDataInsights.com",2080
Head of Operations & Performance Marketing,2081
Head Of Sales & Marketing|Certified Product Strategist,2082
Head of Search Marketing,2083
ID Consultant/Marketing Specialist,2084
Interim Marketing Manager,2085
Internal Marketing Manager,2086
International Digital Marketer,2087
International Marketing and Communication Coordinator,2088
Internet Marketing,2089
Internet Marketing Analyst,2090
Internet Marketing Manager,2091
Internet Marketing Specialist,2092
Internet Marketing/Content Writer,2093
Jefa de marketing y consultora,2094
Jr Sales and Marketing,2095
Jr. Digital Marketing & Content Writing Executive,2096
Jr. Digital marketing executive,2097
Junior Account Manager (Digital Marketing),2098
Junior Digital Marketing Executive,2099
Junior Digital Project Manager,2100
Junior Marketing Consultant,2101
Junior Online Marketing Managerin,2102
Lead - Digital Marketing & Strategy,2103
Lead Digital Marketer,2104
Lead Technical Marketing,2105
Managed Marketing Lead,2106
Manager - Digital Marketing,2107
Manager - Marketing Team,2108
Manager - Tech & Digital Marketing,2109
Manager Digital Marketing,2110
Manager of Digital Marketing,2111
Manager of Marketing & Community Development,2112
"Manager, Business Development and Marketing",2113
"Manager, Content Marketing Specialist",2114
"Manager, Growth Marketing",2115
Marketing (Via G2Mteam),2116
Marketing / Editorial,2117
Marketing & Account Manager,2118
Marketing & Brand Manager,2119
Marketing & Business Support Specialist,2120
Marketing & Campaign Manager,2121
Marketing & Communication Project Manager,2122
Marketing & Communications,2123
Marketing & Communications Consultant,2124
Marketing & Community,2125
Marketing & Events,2126
Marketing & Events Coordinator,2127
Marketing & Events Manager,2128
Marketing & Partner Management Lead,2129
Marketing & Sales Coordinator,2130
Marketing & Sales Manager,2131
Marketing & Sales Operations Manager,2132
Marketing & Sales Operations Specialist,2133
Marketing & Strategy Lead,2134
Marketing & Support,2135
Marketing Account Coordinator,2136
Marketing Administrator,2137
Marketing Analyst,2138
Marketing and Administration,2139
Marketing and Business Developement,2140
Marketing and Business Development Executive,2141
Marketing and Business Development Specialist,2142
Marketing and Communications Coordinator,2143
Marketing and Community Relationship Manager,2144
Marketing And Customer Success,2145
Marketing and Events Manager,2146
Marketing and Partnerships Lead,2147
Marketing and Presales,2148
Marketing and Recruiting Manager,2149
Marketing and Sales,2150
Marketing and Sales Associate,2151
Marketing and Sales Consultant,2152
Marketing and Sales Coordinator,2153
Marketing and Sales Lead,2154
Marketing and Sales Operations,2155
Marketing and Sales Ops Analyst,2156
Marketing and Sales Project Manager,2157
Marketing and Social Media Manager,2158
Marketing and Technical Communications Manager,2159
Marketing Apprenticeship,2160
Marketing Assisstant,2161
Marketing Automation Analytics,2162
Marketing Business Development Manager,2163
Marketing Campaigns Manager,2164
Marketing Communications and Data Specialist,2165
Marketing Communications Assistant,2166
Marketing Communications Consultant,2167
Marketing Communications Executive,2168
Marketing Communications Supervisor,2169
Marketing Consultant,2170
Marketing Consultant & International Trainer,2171
Marketing Content Developer,2172
marketing content lead,2173
Marketing Content Specialist and Email Developer,2174
Marketing coordinator (SaaS technical product),2175
Marketing Coordinator & Office Manager,2176
Marketing Coordinator/Marketing Designer,2177
Marketing Cordinator,2178
Marketing Data Analyst,2179
Marketing Data Coordinator,2180
Marketing Digital,2181
Marketing Division Lead,2182
Marketing Executive - SaaS - B2B - eCommerce,2183
"Marketing Executive (for RA, Ezytreev & Clarity Core)",2184
Marketing Intelligence Manager,2185
"Marketing Lead, Content & Channel Growth",2186
"Marketing Lead, Growth & Operations",2187
Marketing Manager - Content,2188
Marketing Manager - International Business,2189
Marketing Manager - Reach and Engagement,2190
Marketing Manager - SaaS,2191
Marketing Manager (Energy),2192
Marketing manager & Brand manager,2193
Marketing Manager & Strategist (Magento),2194
Marketing Manager and Employer Brand Specialist,2195
Marketing Manager and Team Lead,2196
Marketing Manager CZ & SK,2197
"Marketing Manager, Programs and Partnerships",2198
Marketing Operations & Automation Consultant,2199
Marketing Operations Analyst,2200
Marketing Operations Associate,2201
Marketing Operations Coordinator,2202
Marketing Operations Delivery Manager,2203
Marketing Operations Team Lead / Analyst,2204
Marketing Person,2205
Marketing Project Coordinator,2206
Marketing Research Specialist,2207
Marketing Researcher,2208
Marketing Responsible,2209
Marketing Sales Operations,2210
Marketing Specialist - Web & SEM,2211
Marketing Specialist | Digital Marketing I PCB Design I PCB Manufacturing I Industry 4.0,2212
Marketing Staff,2213
Marketing Strategist & Brand Engagement Specialist,2214
Marketing Strategist and Media Producer,2215
"Marketing Team Lead, North America",2216
Marketing Team Leader,2217
Marketing Technologist,2218
Marketing Technology Consultant,2219
Marketing und Kommunikation,2220
"Marketing, Branding and Communications Manager & Special Projects Manager",2221
"Marketing, Special Projects",2222
Marketing/Sales Coordinator,2223
Marketing/Suporte,2224
M?odszy specjalista ds. marketingu,2225
MSP Growth Marketing Specialist,2226
National Marketing Manager,2227
Office & Marketing Assistant,2228
Office Administrator & Marketing,2229
Online Marketer,2230
Online-Marketingmanager,2231
Partner/CMO,2232
Performance Marketing Account Manager,2233
Performance Marketing Executive,2234
Performance Marketing External Consultant,2235
Performance Marketing Freelancer,2236
Performance Marketing Manager Global,2237
Performance Marketing Strategist,2238
Performance Marketing Team Leader,2239
Performans Marketing Specialist,2240
Produtor de Conte�do & Growth,2241
Project Manager - Content Management | Social Media Management | Digital Marketing,2242
Responsable Marketing,2243
Responsable marketing & d�veloppement commercial march� espagnol,2244
Responsable marketing et communication,2245
SaaS Sales and Marketing Leader,2246
Sales & Marketing Coordinator,2247
Sales & Marketing Engineer,2248
Sales & Marketing Manager,2249
Sales & Marketing Manager Europe,2250
Sales and marketing,2251
Sales and Marketing Assistant,2252
Sales And Marketing Associate,2253
Sales and Marketing Coordinator,2254
Sales and Marketing Manager,2255
Sales and Marketing Officer,2256
Sales and Marketing Operations Coordinator,2257
Sales And Marketing Representative,2258
Sales And Marketing Specialist,2259
Sales and Matketing Coordinator,2260
Sales Marketing and Customer Service Executive,2261
Sales Marketing Coordinator,2262
Sales Marketing Manager,2263
Sales Marketing Support,2264
"Sales, Marketing & Communication",2265
Sales/Marketing Head,2266
Sales&marketing manager,2267
Search Enginge Optimization & Marketing Intern,2268
Search Marketing Apprentice,2269
Search Marketing Executive,2270
Senior Analyst - Digital Marketing,2271
Senior Associate Marketing,2272
Senior Associate- Content Marketing,2273
Senior Associate: Marketing,2274
Senior Digital Account Manager,2275
Senior Digital Marketing Analyst,2276
Senior Digital Marketing Associate,2277
Senior Digital Marketing Campaign Manager,2278
Senior Digital Marketing Consultant,2279
Senior Digital Marketing Content Writer,2280
Senior Digital Marketing Coordinator,2281
Senior Digital Marketing Executive | Social Media Strategist,2282
Senior Digital Marketing Lead,2283
"Senior Digital Marketing Manager, Paid Media",2284
Senior Digital Marketing Officer,2285
"Senior Digital Marketing, Content Strategist",2286
Senior Digital Media Executive,2287
Senior Digital Project Manger,2288
Senior Digital Strategist,2289
Senior Executive - Digital Marketing,2290
Senior Executive - Digital Marketing (Paid Media - SEM/SMM),2291
Senior Executive - Marketing,2292
Senior Executive Digital Marketing,2293
Senior Growth Hacker,2294
Senior Growth Lead,2295
Senior internet marketing executive,2296
Senior Manager Marketing Business Development,2297
Senior Manager Marketing Operations,2298
Senior Manager Marketing Strategy,2299
Senior manager performance marketing,2300
"Senior Manager, Customer Engagement & Marketing",2301
"Senior Manager, Digital Marketing",2302
"Senior Manager, Digital Marketing & Ops",2303
"Senior Manager, Growth Marketing",2304
"Senior Manager, Lifecycle Marketing",2305
"Senior Manager, Marketing",2306
Senior Marketing Assistant,2307
Senior Marketing Associate,2308
Senior Marketing Communications and Events Specialist,2309
Senior Marketing Coordinator,2310
Senior Marketing Developer,2311
Senior Marketing Executive (Content),2312
Senior Marketing Expert,2313
Senior Marketing Manager / Interim Head of Marketing,2314
Senior Marketing Manager in Charge of Content,2315
"Senior Marketing Manager, Global Programs",2316
"Senior Marketing Manager, Website Operations and Development",2317
Senior Marketing Professional,2318
Senior Online Marketing Manager,2319
Senior Performance Marketing Manager,2320
Senior Project Digital Manager,2321
Senior Sale & Marketing,2322
Senior Sales and Marketing Manager,2323
Senior Sales Marketing Manager,2324
Senior Search Marketing Manager,2325
Senior Talent and Marketing Consultant,2326
Senior Techincal Marketing Engineer/Product Manager,2327
Senior VP Sales & Marketing,2328
Snr. Digital Marketing Manager (Part-time),2329
Social Media & Online Marketing Executive,2330
Social Media and Digital Marketing Coordinator,2331
Social Media and Marketing Associate,2332
Solutions Marketing Specialist,2333
Specjalista ds. marketingu online,2334
Specjalistka ds. marketingu,2335
Sr Digital and Demand Marketing Manager,2336
Sr Digital Marketing Expert,2337
Sr Manager Digital Marketing,2338
Sr Marketing officer,2339
"Sr, Digital Marketing Analyst",2340
Sr. Analyst Internet Marketing,2341
Sr. Digital Marketing Account Manager,2342
Sr. Digital Marketing Executive | Team Lead,2343
Sr. Digital Marketing Specialist,2344
Sr. Digital Marketing Strategist,2345
Sr. Digital Specialist,2346
Sr. Executive - Marketing,2347
Sr. Executive - Sales and Marketing,2348
Sr. Executive Online Marketing,2349
"Sr. Executive, Digital Marketing",2350
Sr. Manager - Marketing Operations,2351
Sr. Manager - Performance Marketing,2352
"Sr. Manager, Content Marketing",2353
"Sr. Manager, Marketing (Data & Operations)",2354
"Sr. Manager, Marketing & Demand Generation",2355
Sr. Marketing Analyst,2356
Sr. Marketing and Lead Generation Executive,2357
Sr. Marketing Manager � Telematics Products and Services,2358
Sr. Marketing Operations Specialist,2359
Sr. Marketing Strategist,2360
Sr. Marketing Strategy Manager,2361
Stage Marketing & Communications,2362
Stagiaire Marketing,2363
Strategic Marketing Consultant,2364
Strategic Marketing Manager,2365
Strategic Marketing Solutions,2366
Strategic Marketing Specialist,2367
Strategy and Marketing Manager,2368
SVP of Marketing,2369
SVP of Sales & Marketing,2370
"SVP, Global Marketing",2371
"SVP, Growth & Revenue",2372
"SVP, Marketing",2373
"SVP, Marketing & Artist Partnerships",2374
Team Lead - Marketing (Content),2375
Team Lead- Digital Marketing,2376
"Team Lead, Marketing Specialist",2377
"Team Lead: Digital Marketing, Development and Design",2378
Team Leader (Digital Marketing),2379
Techno Marketing Executive,2380
Trainee - Digital Marketing Analyst,2381
U.S. Digital Marketing Specialist,2382
V.P. Sales & Marketing,2383
Virtual Events | Marketing Strategy | Content Marketing | Insurance Marketing & Advertising,2384
VP - Digital Marketing and Operations.,2385
VP - Sales & Marketing,2386
VP Global Marketing & Strategic Alliances,2387
VP Growth,2388
VP Marketing & Business Development,2389
VP Marketing and Business Development,2390
VP of Global Marketing,2391
VP of Marketing & Development,2392
VP of Marketing and Partnership,2393
VP of Online Marketing,2394
VP of Sales & Marketing,2395
VP of Sales and Marketing,2396
VP Performance Marketing,2397
VP Sales & Marketing,2398
VP Sales and Marketing,2399
"VP, Digital & Demand Marketing",2400
"VP, Growth",2401
"VP, Head of Marketing",2402
"VP, Marketing",2403
"VP, Performance Marketing",2404
"VP, Sales and Marketing",2405
???????? ?? ???????? ? ??????????,2406
????????? ?????? ??????????,2407
Assistant Strategy and Content Manager,2408
Brand Content Manager,2409
Communications and Content Manager,2410
Content & Communications Manager,2411
Content and Communications Lead,2412
Content and Social Executive,2413
Content Consultant,2414
"Content Manager, Writer and Host",2415
Content Marketeer,2416
Content Specialist (Growth),2417
Content Strategist & Writer,2418
Content Strategist and Writer,2419
Content Strategist/Editor,2420
Content Strategy Consultant,2421
Content-Manager,2422
Copy and Content Strategist,2423
Copywriter/Content Manager,2424
Digital Content Assistant,2425
Digital Content Coordinator,2426
Digital Content Lead,2427
Digital Content Manager and Strategist,2428
Head of Digital Products & Content,2429
Media Content Specialist,2430
Midweight Copywriter/Content Lead,2431
Online Marketer & Content Writer,2432
PR & Content Executive,2433
"PR Content Manager, Writer, and Editor",2434
Production and Content Manager,2435
Senior Content Executive,2436
Senior Content Specialist,2437
Senior Content Specialist and Strategist,2438
"Senior Content Strategist, Manager",2439
Senior Manager of Content,2440
Senior Social Media + Content Strategist,2441
Sr. Content Lead,2442
Sr. Content Manager and Technical Writer,2443
Sr. Web Content Specialist,2444
Team Lead-Content Strategy,2445
Web Content Creator,2446
Web Content Specialist,2447
